unique_id,username,key
device_0,TestUser0,11272cb852dd97bc80c168d69208668e606fba9f0bd8bb7b8df5444a664e4c79
device_1,TestUser1,ffeeddccbbaa99887766554433221100ffeeddccbbaa99887766554433221100
device_2,TestUser2,0e9ab5971f5780436c0b1cae2c3c47aa8f0e7b95315deaca4c8b55a45f8d0ced
device_3,TestUser3,ffeeddccbbaa99887766554433221100ffeeddccbbaa99887766554433221100
device_4,TestUser4,0e9ab5971f5780436c0b1cae2c3c47aa8f0e7b95315deaca4c8b55a45f8d0ced
device_5,TestUser5,ffeeddccbbaa99887766554433221100ffeeddccbbaa99887766554433221100
device_6,TestUser6,0e9ab5971f5780436c0b1cae2c3c47aa8f0e7b95315deaca4c8b55a45f8d0ced
device_7,TestUser7,ffeeddccbbaa99887766554433221100ffeeddccbbaa99887766554433221100
device_8,TestUser8,0e9ab5971f5780436c0b1cae2c3c47aa8f0e7b95315deaca4c8b55a45f8d0ced
device_9,TestUser9,ffeeddccbbaa99887766554433221100ffeeddccbbaa99887766554433221100
device_10,TestUser10,0e9ab5971f5780436c0b1cae2c3c47aa8f0e7b95315deaca4c8b55a45f8d0ced
